sep=;
Applied potential [V];WE current [A];WE current [A];WE current [A]
-0.099926736;-1.132026e-06;5.60872e-07;1.6928979999999999e-06
-0.101001;-7.36965e-07;1.2884299999999998e-07;8.658079999999999e-07
-0.102075;-6.27153e-07;-2.9312370000000003e-08;5.97841e-07
-0.10314999999999999;-5.84059e-07;-1.01499e-07;4.8256e-07
-0.104224;-5.62185e-07;-1.39999e-07;4.2218499999999997e-07
-0.10529899999999999;-5.48841e-07;-1.63186e-07;3.8565399999999997e-07
-0.106373;-5.39435e-07;-1.7828e-07;3.61154e-07
-0.107448;-5.31997e-07;-1.88561e-07;3.43435e-07
-0.108522;-5.25872e-07;-1.95999e-07;3.29873e-07
-0.109597;-5.21716e-07;-2.02342e-07;3.19373e-07
-0.11067099999999999;-5.16903e-07;-2.0671699999999998e-07;3.10186e-07
-0.111746;-5.12966e-07;-2.10217e-07;3.02748e-07
-0.11281999999999999;-5.09685e-07;-2.12842e-07;2.96842e-07
-0.113894;-5.06403e-07;-2.15467e-07;2.90936e-07
-0.11496899999999999;-5.03341e-07;-2.17217e-07;2.86123e-07
-0.116043;-5.00279e-07;-2.1852999999999999e-07;2.81748e-07
-0.117118;-4.97654e-07;-2.19624e-07;2.7803e-07
-0.11819199999999999;-4.95466e-07;-2.21155e-07;2.74311e-07
-0.119267;-4.93279e-07;-2.22249e-07;2.7103e-07
-0.12034099999999999;-4.91529e-07;-2.23124e-07;2.68405e-07
-0.121416;-4.8956e-07;-2.24217e-07;2.65342e-07
-0.12248999999999999;-4.8781e-07;-2.25092e-07;2.62717e-07
-0.123565;-4.86279e-07;-2.25748e-07;2.6053e-07
-0.124639;-4.8431e-07;-2.25748e-07;2.58561e-07
-0.125714;-4.83435e-07;-2.2618599999999998e-07;2.57248e-07
-0.12678799999999998;-4.82122e-07;-2.26623e-07;2.55498e-07
-0.127863;-4.8081e-07;-2.26842e-07;2.53967e-07
-0.128937;-4.794969999999999e-07;-2.27061e-07;2.52436e-07
-0.130012;-4.77966e-07;-2.27061e-07;2.50905e-07
-0.13108599999999998;-4.76872e-07;-2.27498e-07;2.49373e-07
-0.132161;-4.75997e-07;-2.2793599999999998e-07;2.48061e-07
-0.133235;-4.74685e-07;-2.28155e-07;2.4652999999999997e-07
-0.13430999999999998;-4.7359099999999997e-07;-2.2859199999999999e-07;2.44998e-07
-0.135384;-4.72279e-07;-2.28811e-07;2.43467e-07
-0.136459;-4.71622e-07;-2.29248e-07;2.42373e-07
-0.137533;-4.7074699999999997e-07;-2.2968599999999998e-07;2.41061e-07
-0.13860799999999998;-4.6943499999999997e-07;-2.29905e-07;2.3953e-07
-0.139682;-4.68122e-07;-2.30123e-07;2.3799799999999998e-07
-0.140757;-4.67466e-07;-2.30561e-07;2.36905e-07
-0.14183099999999998;-4.66154e-07;-2.30561e-07;2.3559199999999998e-07
-0.142905;-4.6527899999999997e-07;-2.3078e-07;2.3449799999999999e-07
-0.14398;-4.64185e-07;-2.3078e-07;2.33405e-07
-0.145054;-4.63091e-07;-2.3078e-07;2.32311e-07
-0.14612899999999998;-4.62216e-07;-2.3078e-07;2.31436e-07
-0.147203;-4.61341e-07;-2.3078e-07;2.30561e-07
-0.148278;-4.60247e-07;-2.3078e-07;2.29467e-07
-0.14935199999999998;-4.59154e-07;-2.30561e-07;2.2859199999999999e-07
-0.150427;-4.5806e-07;-2.3034199999999999e-07;2.27717e-07
-0.151501;-4.57185e-07;-2.30123e-07;2.27061e-07
-0.152576;-4.56529e-07;-2.3034199999999999e-07;2.2618599999999998e-07
-0.15364999999999998;-4.56091e-07;-2.30561e-07;2.2553e-07
-0.154725;-4.55654e-07;-2.3078e-07;2.24873e-07
-0.155799;-4.5477899999999997e-07;-2.30998e-07;2.2377999999999998e-07
-0.15687399999999999;-4.54122e-07;-2.31436e-07;2.2268599999999999e-07
-0.157948;-4.53466e-07;-2.31436e-07;2.2202999999999998e-07
-0.159023;-4.53029e-07;-2.31436e-07;2.21592e-07
-0.160097;-4.53248e-07;-2.3209199999999998e-07;2.21155e-07
-0.16117199999999998;-4.5281e-07;-2.3209199999999998e-07;2.20717e-07
-0.162246;-4.5237199999999997e-07;-2.3253e-07;2.19842e-07
-0.163321;-4.52154e-07;-2.32967e-07;2.19186e-07
-0.16439499999999999;-4.51935e-07;-2.33405e-07;2.1852999999999999e-07
-0.16547;-4.51279e-07;-2.3384199999999998e-07;2.17436e-07
-0.166544;-4.51279e-07;-2.3428e-07;2.16999e-07
-0.167619;-4.5062299999999997e-07;-2.3449799999999999e-07;2.1612399999999998e-07
-0.16869299999999998;-4.50404e-07;-2.34936e-07;2.15467e-07
-0.169768;-4.49966e-07;-2.35373e-07;2.14592e-07
-0.170842;-4.4931e-07;-2.3559199999999998e-07;2.13717e-07
-0.17191599999999999;-4.4931e-07;-2.3603e-07;2.1328e-07
-0.172991;-4.48435e-07;-2.3603e-07;2.12405e-07
-0.174065;-4.4821599999999997e-07;-2.3624799999999999e-07;2.11967e-07
-0.17514;-4.47779e-07;-2.36686e-07;2.11092e-07
-0.17621399999999998;-4.4712299999999997e-07;-2.36467e-07;2.10655e-07
-0.177289;-4.46685e-07;-2.36686e-07;2.09999e-07
-0.178363;-4.46248e-07;-2.36686e-07;2.09561e-07
-0.179438;-4.45154e-07;-2.3624799999999999e-07;2.08905e-07
-0.18051199999999998;-4.4471599999999997e-07;-2.3624799999999999e-07;2.0846699999999998e-07
-0.181587;-4.4405999999999997e-07;-2.3603e-07;2.0803e-07
-0.182661;-4.4340399999999996e-07;-2.35811e-07;2.07592e-07
-0.18373599999999998;-4.42748e-07;-2.35373e-07;2.07374e-07
-0.18481;-4.42091e-07;-2.35373e-07;2.0671699999999998e-07
-0.185885;-4.4121599999999997e-07;-2.35155e-07;2.06061e-07
-0.186959;-4.4121599999999997e-07;-2.35811e-07;2.05405e-07
-0.18803399999999998;-4.4121599999999997e-07;-2.3603e-07;2.05186e-07
-0.189108;-4.40998e-07;-2.36686e-07;2.04311e-07
-0.190183;-4.40341e-07;-2.37123e-07;2.0321699999999999e-07
-0.19125699999999998;-4.40123e-07;-2.3778e-07;2.02342e-07
-0.192332;-4.3990399999999997e-07;-2.38217e-07;2.01686e-07
-0.193406;-4.3990399999999997e-07;-2.38655e-07;2.01249e-07
-0.194481;-4.40123e-07;-2.3953e-07;2.00592e-07
-0.19555499999999998;-4.3990399999999997e-07;-2.39967e-07;1.99936e-07
-0.19663;-4.3990399999999997e-07;-2.40405e-07;1.99499e-07
-0.197704;-4.40123e-07;-2.41061e-07;1.9906099999999998e-07
-0.19877799999999998;-4.39685e-07;-2.41498e-07;1.98186e-07
-0.199853;-4.3990399999999997e-07;-2.41936e-07;1.97967e-07
-0.200927;-4.39685e-07;-2.42373e-07;1.9731099999999999e-07
-0.202002;-4.39685e-07;-2.42592e-07;1.97092e-07
-0.20307599999999998;-4.39248e-07;-2.42811e-07;1.96436e-07
-0.204151;-4.39466e-07;-2.4302999999999997e-07;1.96436e-07
-0.205225;-4.3881e-07;-2.43248e-07;1.9556099999999999e-07
-0.20629999999999998;-4.3881e-07;-2.43467e-07;1.95342e-07
-0.207374;-4.3881e-07;-2.43686e-07;1.95124e-07
-0.208449;-4.38373e-07;-2.43467e-07;1.9490499999999998e-07
-0.209523;-4.38154e-07;-2.43248e-07;1.9490499999999998e-07
-0.21059799999999998;-4.38154e-07;-2.43686e-07;1.94467e-07
-0.211672;-4.37498e-07;-2.4302999999999997e-07;1.94467e-07
-0.212747;-4.37716e-07;-2.43248e-07;1.94467e-07
-0.21382099999999998;-4.37279e-07;-2.4302999999999997e-07;1.94249e-07
-0.214896;-4.3705999999999997e-07;-2.4302999999999997e-07;1.9403e-07
-0.21597;-4.3640399999999997e-07;-2.42811e-07;1.93592e-07
-0.217045;-4.36185e-07;-2.42592e-07;1.93592e-07
-0.21811899999999998;-4.3574799999999997e-07;-2.42811e-07;1.92936e-07
-0.219194;-4.3531e-07;-2.4302999999999997e-07;1.9228e-07
-0.220268;-4.34873e-07;-2.4302999999999997e-07;1.91842e-07
-0.22134299999999998;-4.34873e-07;-2.43686e-07;1.91186e-07
-0.222417;-4.34873e-07;-2.44561e-07;1.90311e-07
-0.223492;-4.34654e-07;-2.45217e-07;1.89436e-07
-0.224566;-4.34873e-07;-2.46092e-07;1.8878e-07
-0.22564099999999998;-4.34435e-07;-2.46748e-07;1.87686e-07
-0.226715;-4.34654e-07;-2.47186e-07;1.87467e-07
-0.227789;-4.34435e-07;-2.47842e-07;1.86592e-07
-0.22886399999999998;-4.34654e-07;-2.48061e-07;1.86592e-07
-0.22993799999999998;-4.34654e-07;-2.48498e-07;1.86155e-07
-0.231013;-4.34873e-07;-2.48936e-07;1.85936e-07
-0.232087;-4.34873e-07;-2.49155e-07;1.85717e-07
-0.23316199999999998;-4.34873e-07;-2.49155e-07;1.85717e-07
-0.234236;-4.35091e-07;-2.49592e-07;1.8549899999999999e-07
-0.235311;-4.34873e-07;-2.49592e-07;1.8528e-07
-0.23638499999999998;-4.34654e-07;-2.49373e-07;1.8528e-07
-0.23745999999999998;-4.34435e-07;-2.49155e-07;1.8528e-07
-0.238534;-4.34435e-07;-2.49155e-07;1.8528e-07
-0.239609;-4.34216e-07;-2.49155e-07;1.85061e-07
-0.24068299999999998;-4.34216e-07;-2.48936e-07;1.8528e-07
-0.241758;-4.33779e-07;-2.48498e-07;1.8528e-07
-0.242832;-4.3355999999999997e-07;-2.48498e-07;1.85061e-07
-0.24390699999999998;-4.33341e-07;-2.48498e-07;1.84842e-07
-0.24498099999999998;-4.3290399999999997e-07;-2.48061e-07;1.84842e-07
-0.246056;-4.32685e-07;-2.48061e-07;1.84624e-07
-0.24713;-4.3181e-07;-2.47842e-07;1.83967e-07
-0.24820499999999998;-4.32029e-07;-2.48061e-07;1.83967e-07
-0.249279;-4.3181e-07;-2.48061e-07;1.8374899999999999e-07
-0.25035399999999997;-4.30716e-07;-2.48061e-07;1.82655e-07
-0.251428;-4.30279e-07;-2.4828e-07;1.81999e-07
-0.252503;-4.29841e-07;-2.48061e-07;1.8178e-07
-0.253577;-4.2940399999999997e-07;-2.4828e-07;1.81124e-07
-0.254652;-4.2874799999999997e-07;-2.4828e-07;1.80467e-07
-0.255726;-4.2874799999999997e-07;-2.49155e-07;1.7959199999999998e-07
-0.2568;-4.28529e-07;-2.49373e-07;1.79155e-07
-0.25787499999999997;-4.28966e-07;-2.50248e-07;1.78717e-07
-0.258949;-4.28091e-07;-2.50248e-07;1.7784199999999999e-07
-0.260024;-4.27873e-07;-2.50905e-07;1.76967e-07
-0.261098;-4.27216e-07;-2.5068599999999997e-07;1.7653e-07
-0.262173;-4.27216e-07;-2.5068599999999997e-07;1.7653e-07
-0.263247;-4.27654e-07;-2.50905e-07;1.76749e-07
-0.264322;-4.27873e-07;-2.51123e-07;1.76749e-07
-0.26539599999999997;-4.27654e-07;-2.50905e-07;1.76749e-07
-0.266471;-4.28091e-07;-2.51123e-07;1.76967e-07
-0.267545;-4.27654e-07;-2.5068599999999997e-07;1.76967e-07
-0.26861999999999997;-4.27654e-07;-2.50467e-07;1.77186e-07
-0.269694;-4.28091e-07;-2.50248e-07;1.7784199999999999e-07
-0.270769;-4.27654e-07;-2.5002999999999997e-07;1.77624e-07
-0.271843;-4.27435e-07;-2.49811e-07;1.77624e-07
-0.272918;-4.27216e-07;-2.49592e-07;1.77624e-07
-0.273992;-4.27216e-07;-2.49592e-07;1.77624e-07
-0.275067;-4.2656e-07;-2.49373e-07;1.77186e-07
-0.27614099999999997;-4.2634099999999997e-07;-2.49155e-07;1.77186e-07
-0.27721599999999996;-4.2590399999999997e-07;-2.49155e-07;1.76749e-07
-0.27829;-4.26123e-07;-2.49373e-07;1.76749e-07
-0.279365;-4.2590399999999997e-07;-2.49811e-07;1.7609199999999999e-07
-0.280439;-4.25685e-07;-2.49811e-07;1.75874e-07
-0.281514;-4.25029e-07;-2.49811e-07;1.75217e-07
-0.282588;-4.24373e-07;-2.49592e-07;1.7478e-07
-0.283663;-4.24373e-07;-2.49811e-07;1.74561e-07
-0.28473699999999996;-4.23935e-07;-2.5002999999999997e-07;1.73905e-07
-0.285811;-4.23498e-07;-2.49811e-07;1.7368599999999998e-07
-0.286886;-4.2284099999999997e-07;-2.49592e-07;1.73249e-07
-0.28796;-4.22623e-07;-2.5002999999999997e-07;1.72592e-07
-0.289035;-4.2174799999999997e-07;-2.49592e-07;1.72155e-07
-0.290109;-4.21966e-07;-2.5002999999999997e-07;1.7193599999999999e-07
-0.291184;-4.21966e-07;-2.50248e-07;1.71717e-07
-0.29225799999999996;-4.2131e-07;-2.5002999999999997e-07;1.7128e-07
-0.293333;-4.2131e-07;-2.50467e-07;1.70842e-07
-0.294407;-4.21091e-07;-2.5068599999999997e-07;1.70405e-07
-0.29548199999999997;-4.20873e-07;-2.50248e-07;1.70624e-07
-0.296556;-4.21091e-07;-2.50467e-07;1.70624e-07
-0.297631;-4.21529e-07;-2.50467e-07;1.71061e-07
-0.298705;-4.2131e-07;-2.5002999999999997e-07;1.7128e-07
-0.29978;-4.2174799999999997e-07;-2.5002999999999997e-07;1.71717e-07
-0.300854;-4.2131e-07;-2.49592e-07;1.71717e-07
-0.301929;-4.2131e-07;-2.49592e-07;1.71717e-07
-0.30300299999999997;-4.2131e-07;-2.49373e-07;1.7193599999999999e-07
-0.30407799999999996;-4.21091e-07;-2.49155e-07;1.7193599999999999e-07
-0.305152;-4.2131e-07;-2.49373e-07;1.7193599999999999e-07
-0.30622699999999997;-4.20435e-07;-2.49155e-07;1.7128e-07
-0.307301;-4.20873e-07;-2.49373e-07;1.71499e-07
-0.308376;-4.20873e-07;-2.49592e-07;1.7128e-07
-0.30945;-4.20216e-07;-2.49373e-07;1.70842e-07
-0.310525;-4.20216e-07;-2.49811e-07;1.70405e-07
-0.31159899999999996;-4.19998e-07;-2.49592e-07;1.70405e-07
-0.312673;-4.1956e-07;-2.49811e-07;1.69749e-07
-0.31374799999999997;-4.1934099999999997e-07;-2.5002999999999997e-07;1.69311e-07
-0.314822;-4.19123e-07;-2.49811e-07;1.69311e-07
-0.315897;-4.18029e-07;-2.49811e-07;1.68218e-07
-0.316971;-4.17591e-07;-2.49373e-07;1.68218e-07
-0.318046;-4.17154e-07;-2.49592e-07;1.67561e-07
-0.31911999999999996;-4.17154e-07;-2.49373e-07;1.6777999999999998e-07
-0.320195;-4.16498e-07;-2.49155e-07;1.67343e-07
-0.32126899999999997;-4.1584099999999997e-07;-2.48717e-07;1.67124e-07
-0.32234399999999996;-4.15404e-07;-2.4828e-07;1.67124e-07
-0.323418;-4.14966e-07;-2.47842e-07;1.67124e-07
-0.324493;-4.1518499999999997e-07;-2.48061e-07;1.67124e-07
-0.325567;-4.1431e-07;-2.48061e-07;1.66249e-07
-0.326642;-4.1431e-07;-2.48061e-07;1.66249e-07
-0.327716;-4.14091e-07;-2.48061e-07;1.6602999999999999e-07
-0.328791;-4.13654e-07;-2.47623e-07;1.6602999999999999e-07
-0.32986499999999996;-4.13654e-07;-2.47623e-07;1.6602999999999999e-07
-0.33094;-4.13654e-07;-2.47623e-07;1.6602999999999999e-07
-0.332014;-4.13654e-07;-2.47623e-07;1.6602999999999999e-07
-0.33308899999999997;-4.13435e-07;-2.47405e-07;1.6602999999999999e-07
-0.334163;-4.13435e-07;-2.47405e-07;1.6602999999999999e-07
-0.335238;-4.13873e-07;-2.47842e-07;1.6602999999999999e-07
-0.336312;-4.13435e-07;-2.47405e-07;1.6602999999999999e-07
-0.337387;-4.12998e-07;-2.47405e-07;1.65593e-07
-0.338461;-4.13435e-07;-2.48061e-07;1.65374e-07
-0.339536;-4.13216e-07;-2.48061e-07;1.65155e-07
-0.34060999999999997;-4.13435e-07;-2.4828e-07;1.65155e-07
-0.341684;-4.12998e-07;-2.48498e-07;1.64499e-07
-0.342759;-4.13216e-07;-2.48717e-07;1.64499e-07
-0.343833;-4.12779e-07;-2.48498e-07;1.6427999999999999e-07
-0.344908;-4.12123e-07;-2.4828e-07;1.63843e-07
-0.345982;-4.12123e-07;-2.48498e-07;1.63624e-07
-0.347057;-4.1168499999999997e-07;-2.48498e-07;1.63186e-07
-0.34813099999999997;-4.11466e-07;-2.4828e-07;1.63186e-07
-0.34920599999999996;-4.11248e-07;-2.48061e-07;1.63186e-07
-0.35028;-4.1081e-07;-2.47842e-07;1.62968e-07
-0.351355;-4.10373e-07;-2.47623e-07;1.62749e-07
-0.352429;-4.09935e-07;-2.47405e-07;1.6253e-07
-0.353504;-4.09716e-07;-2.47186e-07;1.6253e-07
-0.354578;-4.0906e-07;-2.46311e-07;1.62749e-07
-0.355653;-4.08623e-07;-2.46092e-07;1.6253e-07
-0.35672699999999996;-4.07748e-07;-2.45217e-07;1.6253e-07
-0.357802;-4.07748e-07;-2.44998e-07;1.62749e-07
-0.358876;-4.0731e-07;-2.4478e-07;1.6253e-07
-0.35995099999999997;-4.07966e-07;-2.45436e-07;1.6253e-07
-0.361025;-4.0731e-07;-2.45217e-07;1.62093e-07
-0.3621;-4.0731e-07;-2.45217e-07;1.62093e-07
-0.363174;-4.0687299999999997e-07;-2.45436e-07;1.61436e-07
-0.364249;-4.06435e-07;-2.45436e-07;1.60999e-07
-0.365323;-4.0687299999999997e-07;-2.45655e-07;1.61218e-07
-0.366398;-4.07091e-07;-2.45873e-07;1.61218e-07
-0.36747199999999997;-4.06654e-07;-2.45873e-07;1.6078e-07
-0.368546;-4.07091e-07;-2.4652999999999997e-07;1.60561e-07
-0.369621;-4.0731e-07;-2.46967e-07;1.60343e-07
-0.370695;-4.0687299999999997e-07;-2.4652999999999997e-07;1.60343e-07
-0.37177;-4.07091e-07;-2.47186e-07;1.59905e-07
-0.372844;-4.06435e-07;-2.46967e-07;1.59468e-07
-0.373919;-4.06216e-07;-2.46967e-07;1.59249e-07
-0.37499299999999997;-4.06654e-07;-2.47405e-07;1.59249e-07
-0.37606799999999996;-4.06216e-07;-2.47186e-07;1.5903e-07
-0.377142;-4.06654e-07;-2.47623e-07;1.5903e-07
-0.37821699999999997;-4.05998e-07;-2.47405e-07;1.58593e-07
-0.379291;-4.05123e-07;-2.4652999999999997e-07;1.58593e-07
-0.380366;-4.0556e-07;-2.46748e-07;1.58811e-07
-0.38144;-4.04685e-07;-2.4652999999999997e-07;1.58155e-07
-0.382515;-4.04685e-07;-2.45873e-07;1.58811e-07
-0.38358899999999996;-4.04248e-07;-2.45873e-07;1.5837399999999999e-07
-0.384664;-4.0402899999999997e-07;-2.45436e-07;1.58593e-07
-0.38573799999999997;-4.03154e-07;-2.4478e-07;1.5837399999999999e-07
-0.38681299999999996;-4.0337299999999997e-07;-2.44561e-07;1.58811e-07
-0.387887;-4.02935e-07;-2.44123e-07;1.58811e-07
-0.388962;-4.02498e-07;-2.43686e-07;1.58811e-07
-0.390036;-4.01623e-07;-2.43248e-07;1.5837399999999999e-07
-0.391111;-4.01185e-07;-2.42811e-07;1.5837399999999999e-07
-0.392185;-4.0052899999999997e-07;-2.42373e-07;1.58155e-07
-0.39326;-4.0031e-07;-2.42811e-07;1.57499e-07
-0.39433399999999996;-4.00748e-07;-2.43248e-07;1.57499e-07
-0.39540899999999995;-4.0031e-07;-2.43248e-07;1.57061e-07
-0.396483;-3.99654e-07;-2.43686e-07;1.5596799999999998e-07
-0.397557;-3.99435e-07;-2.44123e-07;1.55311e-07
-0.398632;-3.99216e-07;-2.44123e-07;1.55093e-07
-0.399706;-3.99654e-07;-2.44561e-07;1.55093e-07
-0.400781;-3.99435e-07;-2.4478e-07;1.54655e-07
-0.40185499999999996;-3.99654e-07;-2.45217e-07;1.54436e-07
-0.40292999999999995;-3.99435e-07;-2.45436e-07;1.53999e-07
-0.404004;-3.99435e-07;-2.45217e-07;1.5421799999999999e-07
-0.40507899999999997;-3.9987299999999997e-07;-2.45873e-07;1.53999e-07
-0.406153;-3.99216e-07;-2.45655e-07;1.53561e-07
-0.407228;-3.9987299999999997e-07;-2.45873e-07;1.53999e-07
-0.408302;-3.98998e-07;-2.45655e-07;1.53343e-07
-0.409377;-3.99216e-07;-2.45436e-07;1.5378e-07
-0.41045099999999995;-3.98998e-07;-2.45436e-07;1.53561e-07
-0.411526;-3.98998e-07;-2.45217e-07;1.5378e-07
-0.41259999999999997;-3.98998e-07;-2.4478e-07;1.5421799999999999e-07
-0.41367499999999996;-3.98998e-07;-2.44998e-07;1.53999e-07
-0.414749;-3.98998e-07;-2.44998e-07;1.53999e-07
-0.41582399999999997;-3.98341e-07;-2.43905e-07;1.54436e-07
-0.416898;-3.98123e-07;-2.43686e-07;1.54436e-07
-0.417973;-3.98123e-07;-2.43467e-07;1.54655e-07
-0.419047;-3.97685e-07;-2.43248e-07;1.54436e-07
-0.420122;-3.97248e-07;-2.4302999999999997e-07;1.5421799999999999e-07
-0.42119599999999996;-3.9681e-07;-2.42155e-07;1.54655e-07
-0.422271;-3.9681e-07;-2.42155e-07;1.54655e-07
-0.42334499999999997;-3.9637299999999997e-07;-2.42373e-07;1.53999e-07
-0.42441999999999996;-3.96154e-07;-2.42155e-07;1.53999e-07
-0.425494;-3.95716e-07;-2.42373e-07;1.53343e-07
-0.426568;-3.94841e-07;-2.41936e-07;1.52905e-07
-0.427643;-3.9506e-07;-2.42592e-07;1.5246799999999999e-07
-0.42871699999999996;-3.9506e-07;-2.43248e-07;1.51811e-07
-0.429792;-3.95279e-07;-2.43467e-07;1.51811e-07
-0.43086599999999997;-3.94841e-07;-2.44123e-07;1.50718e-07
-0.43194099999999996;-3.9506e-07;-2.44561e-07;1.50499e-07
-0.433015;-3.94841e-07;-2.4478e-07;1.50061e-07
-0.43409;-3.95279e-07;-2.45217e-07;1.50061e-07
-0.435164;-3.9506e-07;-2.44998e-07;1.50061e-07
-0.436239;-3.95716e-07;-2.45655e-07;1.50061e-07
-0.437313;-3.95935e-07;-2.46092e-07;1.49843e-07
-0.438388;-3.9571699999999997e-07;-2.45873e-07;1.49843e-07
-0.43946199999999996;-3.95498e-07;-2.45436e-07;1.50061e-07
-0.44053699999999996;-3.96154e-07;-2.45873e-07;1.5028e-07
-0.441611;-3.95935e-07;-2.45655e-07;1.5028e-07
-0.44268599999999997;-3.9637299999999997e-07;-2.45873e-07;1.50499e-07
-0.44376;-3.95935e-07;-2.45436e-07;1.50499e-07
-0.444835;-3.95716e-07;-2.45217e-07;1.50499e-07
-0.445909;-3.95935e-07;-2.45217e-07;1.50718e-07
-0.446984;-3.95279e-07;-2.44342e-07;1.50936e-07
-0.44805799999999996;-3.95498e-07;-2.44561e-07;1.50936e-07
-0.449133;-3.95935e-07;-2.4478e-07;1.51155e-07
-0.45020699999999997;-3.95279e-07;-2.44123e-07;1.51155e-07
-0.45128199999999996;-3.95279e-07;-2.43467e-07;1.51811e-07
-0.452356;-3.94841e-07;-2.43467e-07;1.51374e-07
-0.45343;-3.9506e-07;-2.43905e-07;1.51155e-07
-0.454505;-3.94404e-07;-2.43248e-07;1.51155e-07
-0.45557899999999996;-3.94404e-07;-2.43467e-07;1.50936e-07
-0.456654;-3.93529e-07;-2.43467e-07;1.50061e-07
-0.45772799999999997;-3.93529e-07;-2.43686e-07;1.49843e-07
-0.45880299999999996;-3.92654e-07;-2.43467e-07;1.49186e-07
-0.459877;-3.92435e-07;-2.43467e-07;1.48968e-07
-0.460952;-3.92435e-07;-2.43686e-07;1.48749e-07
-0.462026;-3.92435e-07;-2.44342e-07;1.48093e-07
-0.463101;-3.91779e-07;-2.44123e-07;1.47655e-07
-0.464175;-3.92435e-07;-2.45436e-07;1.46999e-07
-0.46525;-3.91779e-07;-2.45217e-07;1.4656099999999998e-07
-0.46632399999999996;-3.91779e-07;-2.45655e-07;1.46124e-07
-0.46739899999999995;-3.91779e-07;-2.46092e-07;1.45686e-07
-0.468473;-3.92435e-07;-2.4652999999999997e-07;1.45905e-07
-0.46954799999999997;-3.92216e-07;-2.46311e-07;1.45905e-07
-0.470622;-3.92654e-07;-2.46967e-07;1.45686e-07
-0.471697;-3.93092e-07;-2.46967e-07;1.46124e-07
-0.472771;-3.91998e-07;-2.46311e-07;1.45686e-07
-0.473846;-3.91998e-07;-2.46092e-07;1.45905e-07
-0.47491999999999995;-3.92654e-07;-2.46311e-07;1.46343e-07
-0.475995;-3.93091e-07;-2.4652999999999997e-07;1.4656099999999998e-07
-0.47706899999999997;-3.9330999999999997e-07;-2.4652999999999997e-07;1.4678e-07
-0.47814399999999996;-3.9330999999999997e-07;-2.46092e-07;1.47218e-07
-0.479218;-3.93748e-07;-2.46092e-07;1.47655e-07
-0.48029299999999997;-3.9330999999999997e-07;-2.45655e-07;1.47655e-07
-0.481367;-3.93092e-07;-2.45436e-07;1.47655e-07
-0.48244099999999995;-3.93092e-07;-2.45436e-07;1.47655e-07
-0.483516;-3.92654e-07;-2.45217e-07;1.47436e-07
-0.48458999999999997;-3.9330999999999997e-07;-2.45436e-07;1.47874e-07
-0.48566499999999996;-3.92873e-07;-2.45217e-07;1.47655e-07
-0.486739;-3.92654e-07;-2.45436e-07;1.47218e-07
-0.48781399999999997;-3.93091e-07;-2.46092e-07;1.46999e-07
-0.488888;-3.92216e-07;-2.45655e-07;1.4656099999999998e-07
-0.489963;-3.92435e-07;-2.45873e-07;1.4656099999999998e-07
-0.491037;-3.92216e-07;-2.46311e-07;1.45905e-07
-0.492112;-3.91998e-07;-2.4652999999999997e-07;1.45468e-07
-0.49318599999999996;-3.9156e-07;-2.4652999999999997e-07;1.4503e-07
-0.49426099999999995;-3.91123e-07;-2.4652999999999997e-07;1.44593e-07
-0.49533499999999997;-3.90904e-07;-2.4652999999999997e-07;1.44374e-07
-0.49640999999999996;-3.91342e-07;-2.47186e-07;1.44155e-07
-0.497484;-3.9156e-07;-2.47623e-07;1.43936e-07
-0.498559;-3.9156e-07;-2.4828e-07;1.4328e-07
-0.499633;-3.9156e-07;-2.48498e-07;1.4306099999999999e-07
-0.5007079999999999;-3.9156e-07;-2.48717e-07;1.42843e-07
-0.501782;-3.91342e-07;-2.48936e-07;1.42405e-07
-0.502857;-3.91779e-07;-2.49373e-07;1.42405e-07
-0.503931;-3.91342e-07;-2.49155e-07;1.42186e-07
-0.505006;-3.92216e-07;-2.49373e-07;1.42843e-07
-0.50608;-3.92435e-07;-2.49373e-07;1.4306099999999999e-07
-0.507155;-3.93091e-07;-2.49155e-07;1.43936e-07
-0.5082289999999999;-3.9330999999999997e-07;-2.49373e-07;1.43936e-07
-0.509304;-3.93091e-07;-2.49155e-07;1.43936e-07
-0.510378;-3.93529e-07;-2.49155e-07;1.44374e-07
-0.511452;-3.93748e-07;-2.49373e-07;1.44374e-07
-0.512527;-3.93748e-07;-2.49373e-07;1.44374e-07
-0.513601;-3.94185e-07;-2.49373e-07;1.4481099999999999e-07
-0.514676;-3.93748e-07;-2.48936e-07;1.4481099999999999e-07
-0.5157499999999999;-3.94404e-07;-2.49373e-07;1.4503e-07
-0.516825;-3.94185e-07;-2.49373e-07;1.4481099999999999e-07
-0.517899;-3.94185e-07;-2.49592e-07;1.44593e-07
-0.5189739999999999;-3.94404e-07;-2.49811e-07;1.44593e-07
-0.520048;-3.94185e-07;-2.50248e-07;1.43936e-07
-0.521123;-3.9396599999999997e-07;-2.50467e-07;1.43499e-07
-0.522197;-3.94185e-07;-2.50905e-07;1.4328e-07
-0.523272;-3.93748e-07;-2.5068599999999997e-07;1.4306099999999999e-07
-0.524346;-3.93748e-07;-2.50905e-07;1.42843e-07
-0.525421;-3.93091e-07;-2.51123e-07;1.41968e-07
-0.5264949999999999;-3.93748e-07;-2.51561e-07;1.42186e-07
-0.52757;-3.93091e-07;-2.51342e-07;1.41749e-07
-0.528644;-3.92873e-07;-2.51561e-07;1.41311e-07
-0.5297189999999999;-3.93091e-07;-2.51998e-07;1.41093e-07
-0.530793;-3.92873e-07;-2.51998e-07;1.40874e-07
-0.531868;-3.92654e-07;-2.52217e-07;1.40436e-07
-0.532942;-3.93748e-07;-2.53311e-07;1.40436e-07
-0.534017;-3.9330999999999997e-07;-2.5353e-07;1.3978e-07
-0.535091;-3.92873e-07;-2.5353e-07;1.39343e-07
-0.5361659999999999;-3.93529e-07;-2.53967e-07;1.39561e-07
-0.5372399999999999;-3.94841e-07;-2.54405e-07;1.40436e-07
-0.538314;-3.94185e-07;-2.5418599999999997e-07;1.39999e-07
-0.539389;-3.95498e-07;-2.54623e-07;1.40874e-07
-0.540463;-3.95716e-07;-2.54405e-07;1.41311e-07
-0.541538;-3.95498e-07;-2.5418599999999997e-07;1.41311e-07
-0.542612;-3.96154e-07;-2.55061e-07;1.41093e-07
-0.5436869999999999;-3.9681e-07;-2.55061e-07;1.41749e-07
-0.5447609999999999;-3.97685e-07;-2.5528e-07;1.42405e-07
-0.545836;-3.97904e-07;-2.55498e-07;1.42405e-07
-0.54691;-3.98123e-07;-2.55936e-07;1.42186e-07
-0.5479849999999999;-3.99216e-07;-2.56373e-07;1.42843e-07
-0.549059;-3.99216e-07;-2.56592e-07;1.42624e-07
-0.550134;-3.98998e-07;-2.57248e-07;1.41749e-07
